id,category,number,path,japanese,chinese,jlpt,source,priority,stage,note,created,updated,batch
1,particle,,,に,,,,Critical,completed,,,2025-12-28,
2,grammar,,,ます形,,,,Critical,completed,,,2025-12-27,
3,verb,,,おる,,,,Critical,completed,,,2025-12-27,
4,verb,,,来る,,,,Critical,completed,,,2025-12-27,
5,particle,,,や,,,,Critical,completed,,,2025-12-27,
6,particle,,,まで,,,,Critical,completed,,,2025-12-27,
7,grammar,,,ので,,,,Critical,completed,,,2025-12-27,
8,comparison,,,後で vs てから,,,,High,completed,,,2025-12-27,
9,grammar,,,～ことができる,,,,High,completed,,,2025-12-27,
10,grammar,,,お/ご～になる,,,,High,completed,,,2025-12-27,
11,verb,,,お/ご～する,,,,High,completed,,,2025-12-27,
12,grammar,,,可能形,,,,High,completed,,,2025-12-27,
13,verb,,,帰る,,,,High,completed,,,2025-12-27,
14,concept,,,verb_classification.md,,,,High,completed,,,2025-12-27,
15,concept,,,casual-conversation.md,,,,High,completed,,,2025-12-27,
16,verb,,,いる,,,,High,completed,,,2025-12-27,
17,verb,,,する,,,,High,completed,,,2025-12-27,
18,verb,,,言う,,,,High,completed,,,2025-12-27,
19,particle,,,は,,,,High,completed,,,2025-12-27,
20,grammar,,,たら,,,,High,completed,,,2025-12-27,
21,grammar,,,た形,,,,Medium,completed,,,2025-12-27,
22,grammar,,,だから,,,,Medium,completed,,,2025-12-27,
23,grammar,,,文法句型,,,,Medium,completed,,,2025-12-27,
24,grammar,,,商務場合,,,,Medium,completed,,,2025-12-27,
25,concept,,,main_sub_action.md,,,,Medium,completed,,,2025-12-27,
26,concept,,,written_language.md,,,,Medium,completed,,,2025-12-27,
27,comparison,,,teineitai_vs_futsutai.md,,,,Medium,completed,,,2025-12-27,
28,concept,,,topic_prominent_language.md,,,,Medium,completed,,,2025-12-27,
29,concept,,,formal.md,,,,Medium,completed,,,2025-12-27,
30,concept,,,business.md,,,,Medium,completed,,,2025-12-27,
31,grammar,,,使役受身,,,,Medium,completed,,,2025-12-27,
32,concept,,,focus.md,,,,Medium,completed,,,2025-12-27,
33,concept,,,verb_conjugation.md,,,,Medium,completed,,,2025-12-27,
34,concept,,,daily_conversation.md,,,,Medium,completed,,,2025-12-27,
35,comparison,,,可能形 vs できる,,,,Medium,completed,,,2025-12-27,
36,comparison,,,受身形 vs 可能形（一段動詞）,,,,Medium,completed,,,2025-12-27,
37,concept,,,041_verb_classification.md,,,,Medium,completed,,,2025-12-27,
38,comparison,,,040_teineitai_vs_futsutai,,,,Medium,completed,,,2025-12-27,
39,concept,,,sentence_types.md,,,,Medium,completed,,,2025-12-27,
40,grammar,,,ビジネス,,,,Medium,completed,,,2025-12-27,
41,grammar,,,供給,,,,Medium,completed,,,2025-12-27,
42,grammar,,,資本,,,,Medium,completed,,,2025-12-27,
43,grammar,,,確定申告,,,,Medium,completed,,,2025-12-27,
44,grammar,,,いただく,,,,Medium,completed,,,2025-12-27,
45,grammar,,,お〜になる,,,,Medium,completed,,,2025-12-27,
46,grammar,,,商務敬語,,,,Medium,completed,,,2025-12-27,
47,grammar,,,敬語系統,,,,Medium,completed,,,,
48,grammar,,,tatemae_honne,,,,Medium,completed,,,2025-12-27,
49,concept,,,given_new_information.md,,,,Medium,completed,,,2025-12-27,
50,verb,,,ある,,,,Medium,completed,,,2025-12-27,
51,comparison,,,で vs に 場所用法比較,,,,Medium,completed,,,2025-12-27,
52,comparison,,,まで vs までに 比較,,,,Medium,completed,,,2025-12-27,
53,comparison,,,が vs は 詳細比較,,,,Medium,completed,,,2025-12-27,
54,grammar,,,起こす,,,,Low,completed,,,2025-12-27,
55,verb-u,,,起こる,,,,Low,completed,,,2025-12-27,
56,grammar,,,ない形,,,,Low,completed,,,2025-12-27,
57,grammar,,,見える,,,,Low,completed,,,2025-12-27,
58,grammar,,,授受表現,,,,Low,completed,,,2025-12-27,
59,grammar,,,さしあげる,,,,Low,completed,,,2025-12-27,
60,comparison,,,物理擁有 vs 抽象擁有,,,,Low,completed,,,2025-12-27,
61,verb-u,,,履く,,,,Low,completed,,,2025-12-27,
62,grammar,,,脱ぐ,,,,Low,completed,,,2025-12-27,
63,concept,,,接續詞概念,,,,Low,completed,,,2025-12-27,
64,grammar,,,時間順序表達,,,,Low,completed,,,2025-12-27,
65,grammar,,,連續動作表達,,,,Low,completed,,,2025-12-27,
66,grammar,,,日常會話語域,,,,Low,completed,,,2025-12-27,
67,grammar,,,書面語與口語,,,,Low,completed,,,2025-12-27,
68,grammar,,,列舉表達,,,,Low,completed,,,2025-12-27,
69,grammar,,,指示詞系統,,,,Low,completed,,,2025-12-27,
70,grammar,,,起點助詞から,,,,Low,completed,,,2025-12-27,
71,grammar,,,そのため,,,,Low,completed,,,2025-12-27,
72,grammar,,,したがって,,,,Low,completed,,,2025-12-27,
73,grammar,,,因果關係表達,,,,Low,completed,,,2025-12-27,
74,grammar,,,接續詞用法,,,,Low,completed,,,2025-12-27,
75,comparison,,,それで vs だから,,,,Low,completed,,,2025-12-27,
76,comparison,,,因果接續詞比較,,,,Low,completed,,,2025-12-27,
77,grammar,,,それから,,,,Low,completed,,,2025-12-27,
78,grammar,,,それで,,,,Low,completed,,,2025-12-27,
79,grammar,,,でも,,,,Low,completed,,,2025-12-27,
80,grammar,,,しかし,,,,Low,completed,,,2025-12-27,
81,grammar,,,て形,,,,Low,completed,,,2025-12-27,
82,grammar,,,接續詞,,,,Low,completed,,,2025-12-27,
83,comparison,,,そして vs それから,,,,Low,completed,,,2025-12-27,
84,comparison,,,そして vs だから,,,,Low,completed,,,2025-12-27,
85,grammar,,,では,,,,Low,completed,,,2025-12-27,
86,grammar,,,それでは,,,,Low,completed,,,2025-12-27,
87,grammar,,,さて,,,,Low,completed,,,2025-12-27,
88,grammar,,,意志形,,,,Low,completed,,,2025-12-27,
89,grammar,,,ましょう,,,,Low,completed,,,2025-12-27,
90,verb,,,にする,,,,Low,completed,,,2025-12-27,
91,grammar,,,正式度,,,,Low,completed,,,2025-12-27,
92,grammar,,,話題管理,,,,Low,completed,,,2025-12-27,
93,grammar,,,口語特徵,,,,Low,completed,,,2025-12-27,
94,grammar,,,慣習,,,,Low,completed,,,2025-12-27,
95,grammar,,,制度,,,,Low,completed,,,2025-12-27,
96,grammar,,,持續狀態,,,,Low,completed,,,2025-12-27,
97,grammar,,,社會規則,,,,Low,completed,,,2025-12-27,
98,grammar,,,組織規定,,,,Low,completed,,,2025-12-27,
99,concept,,,setsuzoku_joshi.md,,,,Low,completed,,,2025-12-27,
100,concept,,,masu_form.md,,,,Low,completed,,,2025-12-27,
101,concept,,,casual_conversation.md,,,,Low,completed,,,2025-12-27,
102,grammar,,,jikan_hyougen,,,,Low,completed,,,2025-12-27,
103,grammar,,,shusetsu,,,,Low,completed,,,2025-12-27,
104,grammar,,,juuzoku_setsu,,,,Low,completed,,,2025-12-27,
105,grammar,,,verb_classification,,,,Low,completed,,,2025-12-27,
106,grammar,,,verb_forms,,,,Low,completed,,,2025-12-27,
107,grammar,,,meishi,,,,Low,completed,,,2025-12-27,
108,grammar,,,casual-conversation,,,,Low,completed,,,2025-12-27,
109,grammar,,,formal-context,,,,Low,completed,,,2025-12-27,
110,grammar,,,jikanteki_junjo,,,,Low,completed,,,2025-12-27,
111,grammar,,,ato_de,,,,Low,completed,,,2025-12-27,
112,concept,,,predicate.md,,,,Low,completed,,,2025-12-27,
113,concept,,,polite_expression.md,,,,Low,completed,,,2025-12-27,
114,concept,,,i_adjective.md,,,,Low,completed,,,2025-12-27,
115,concept,,,na_adjective.md,,,,Low,completed,,,2025-12-27,
116,concept,,,wa.md,,,,Low,completed,,,2025-12-27,
117,concept,,,wo.md,,,,Low,completed,,,2025-12-27,
118,grammar,,,對比辨析,,,,Low,completed,,,2025-12-27,
119,grammar,,,hitsuyousei,,,,Low,completed,,,2025-12-27,
120,grammar,,,gimu,,,,Low,completed,,,2025-12-27,
121,grammar,,,grammar_pattern,,,,Low,completed,,,2025-12-27,
122,grammar,,,conditional_forms,,,,Low,completed,,,2025-12-27,
123,grammar,,,negation,,,,Low,completed,,,2025-12-27,
124,grammar,,,shakai_kisoku,,,,Low,completed,,,2025-12-27,
125,grammar,,,houritsu,,,,Low,completed,,,2025-12-27,
126,grammar,,,yakusoku,,,,Low,completed,,,2025-12-27,
127,grammar,,,sekinin,,,,Low,completed,,,2025-12-27,
128,grammar,,,bunmyaku,,,,Low,completed,,,2025-12-27,
129,grammar,,,speaker,,,,Low,completed,,,2025-12-27,
130,grammar,,,choice,,,,Low,completed,,,2025-12-27,
131,grammar,,,formal,,,,Low,completed,,,2025-12-27,
132,grammar,,,teineigo,,,,Low,completed,,,2025-12-27,
133,grammar,,,daily_conversation,,,,Low,completed,,,2025-12-27,
134,grammar,,,contraction,,,,Low,completed,,,2025-12-27,
135,grammar,,,nai_form,,,,Low,completed,,,2025-12-27,
136,grammar,,,hypothetical_condition,,,,Low,completed,,,2025-12-27,
137,grammar,,,logical_structure,,,,Low,completed,,,2025-12-27,
138,concept,,,grammar_pattern.md,,,,Low,completed,,,2025-12-27,
139,concept,,,to_quotative.md,,,,Low,completed,,,2025-12-27,
140,concept,,,tense.md,,,,Low,completed,,,2025-12-27,
141,concept,,,hearsay_expressions.md,,,,Low,completed,,,2025-12-27,
142,concept,,,politeness.md,,,,Low,completed,,,2025-12-27,
143,grammar,,,たい形,,,,Low,completed,,,2025-12-27,
144,grammar,,,ましょう形,,,,Low,completed,,,2025-12-27,
145,grammar,,,ながら形,,,,Low,completed,,,2025-12-27,
146,concept,,,conditional_forms.md,,,,Low,completed,,,2025-12-27,
147,concept,,,hypothetical_condition.md,,,,Low,completed,,,2025-12-27,
148,concept,,,temporal_sequence.md,,,,Low,completed,,,2025-12-27,
149,concept,,,ta_form.md,,,,Low,completed,,,2025-12-27,
150,concept,,,definite_condition.md,,,,Low,completed,,,2025-12-27,
151,concept,,,discovery_expression.md,,,,Low,completed,,,2025-12-27,
152,concept,,,spoken_language.md,,,,Low,completed,,,2025-12-27,
153,concept,,,versatility.md,,,,Low,completed,,,2025-12-27,
154,concept,,,volitional_expression.md,,,,Low,completed,,,2025-12-27,
155,concept,,,imperative_form.md,,,,Low,completed,,,2025-12-27,
156,concept,,,particle-system.md,,,,Low,completed,,,2025-12-27,
157,concept,,,agglutinative-language.md,,,,Low,completed,,,2025-12-27,
158,concept,,,indo-european-languages.md,,,,Low,completed,,,2025-12-27,
159,concept,,,nominative-case.md,,,,Low,completed,,,2025-12-27,
160,concept,,,accusative-case.md,,,,Low,completed,,,2025-12-27,
161,concept,,,dative-case.md,,,,Low,completed,,,2025-12-27,
162,concept,,,instrumental-case.md,,,,Low,completed,,,2025-12-27,
163,concept,,,allative-case.md,,,,Low,completed,,,2025-12-27,
164,concept,,,word-order.md,,,,Low,completed,,,2025-12-27,
165,concept,,,topicalization.md,,,,Low,completed,,,2025-12-27,
166,concept,,,information-structure.md,,,,Low,completed,,,2025-12-27,
167,concept,,,syntax.md,,,,Low,completed,,,2025-12-27,
168,concept,,,collocation.md,,,,Low,completed,,,2025-12-27,
169,concept,,,case-frame.md,,,,Low,completed,,,2025-12-27,
170,concept,,,teineigo_concept.md,,,,Low,completed,,,2025-12-27,
171,concept,,,social_context.md,,,,Low,completed,,,2025-12-27,
172,concept,,,ka.md,,,,Low,completed,,,2025-12-27,
173,concept,,,social_distance.md,,,,Low,completed,,,2025-12-27,
174,grammar,,,一段動詞,,,,Low,completed,,,2025-12-27,
175,grammar,,,助詞總覽,,,,Low,completed,,,2025-12-27,
176,grammar,,,可能形助詞規則,,,,Low,completed,,,2025-12-27,
177,grammar,,,te_kudasai,,,,Low,completed,,,2025-12-27,
178,grammar,,,speech_level,,,,Low,completed,,,2025-12-27,
179,grammar,,,prohibition_forms,,,,Low,completed,,,2025-12-27,
180,grammar,,,request_expressions,,,,Low,completed,,,2025-12-27,
181,grammar,,,gender_language,,,,Low,completed,,,2025-12-27,
182,grammar,,,〜なくて - Negative Te-form,,,,Low,completed,,,2025-12-27,
183,grammar,,,〜ずに - Without doing (formal),,,,Low,completed,,,2025-12-27,
184,verb,,,できる（～することができる）,,,,Low,completed,,,2025-12-27,
185,grammar,,,なければならない,,,,Low,completed,,,2025-12-27,
186,grammar,,,なくてもいい,,,,Low,completed,,,2025-12-27,
187,grammar,,,ないでください,,,,Low,completed,,,2025-12-27,
188,concept,,,overview.md,,,,Low,completed,,,2025-12-27,
189,concept,,,keigo_system.md,,,,Low,completed,,,2025-12-27,
190,concept,,,002_kanoukei.md,,,,Low,completed,,,2025-12-27,
191,concept,,,001_ukemi.md,,,,Low,completed,,,2025-12-27,
192,concept,,,038_given_new_information.md,,,,Low,completed,,,2025-12-27,
193,concept,,,business_conversation.md,,,,Low,completed,,,2025-12-27,
194,concept,,,social_hierarchy.md,,,,Low,completed,,,2025-12-27,
195,concept,,,shakaijin.md,,,,Low,completed,,,2025-12-27,
196,grammar,,,communication,,,,Low,completed,,,2025-12-27,
197,concept,,,001_sonkeigo_overview.md,,,,Low,completed,,,2025-12-27,
198,adj-i,,,ほしい - Want (noun),,,,Low,completed,,,2025-12-27,
199,grammar,,,〜たがる - Third-person desire,,,,Low,completed,,,2025-12-27,
200,grammar,,,〜と思う - I think,,,,Low,completed,,,2025-12-27,
201,concept,,,time-expressions.md,,,,Low,completed,,,2025-12-27,
202,concept,,,verb-forms.md,,,,Low,completed,,,2025-12-27,
203,concept,,,formal-writing.md,,,,Low,completed,,,2025-12-27,
204,concept,,,te_kara.md,,,,Low,completed,,,2025-12-27,
205,verb,,,〜たことがある,,,,Low,completed,,,2025-12-27,
206,grammar,,,〜たら,,,,Low,completed,,,2025-12-27,
207,grammar,,,039_obligation_expressions,,,,Low,completed,,,2025-12-27,
208,grammar,,,疑問文,,,,Low,completed,,,2025-12-27,
209,grammar,,,不定代詞,,,,Low,completed,,,2025-12-27,
210,concept,,,036_teineigo_concept.md,,,,Low,completed,,,2025-12-27,
211,concept,,,auxiliary_verb.md,,,,Low,completed,,,2025-12-27,
212,concept,,,predicate_types.md,,,,Low,completed,,,2025-12-27,
213,concept,,,adjective_types.md,,,,Low,completed,,,2025-12-27,
214,concept,,,sentence_structure.md,,,,Low,completed,,,2025-12-27,
215,concept,,,daily-conversation.md,,,,Low,completed,,,2025-12-27,
216,comparison,,,040_teineitai_vs_futsutai.md,,,,Low,completed,,,2025-12-27,
217,concept,,,007_masu_form.md,,,,Low,completed,,,2025-12-27,
218,concept,,,047_polite_expression.md,,,,Low,completed,,,2025-12-27,
219,concept,,,jlpt_levels.md,,,,Low,completed,,,2025-12-27,
220,concept,,,godan_verbs.md,,,,Low,completed,,,2025-12-27,
221,concept,,,ichidan_verbs.md,,,,Low,completed,,,2025-12-27,
222,concept,,,irregular_verbs.md,,,,Low,completed,,,2025-12-27,
223,concept,,,transitive_verbs.md,,,,Low,completed,,,2025-12-27,
224,concept,,,ga.md,,,,Low,completed,,,2025-12-27,
225,grammar,,,〜ませんか - Negative Invitation,,,,Low,completed,,,2025-12-27,
226,grammar,,,意向形（普通形）- Plain Volitional,,,,Low,completed,,,2025-12-27,
227,grammar,,,〜てください - Please do,,,,Low,completed,,,2025-12-27,
228,grammar,,,〜なければならない - Obligation,,,,Low,completed,,,2025-12-27,
229,grammar,,,Japanese Social Rules and Etiquette,,,,Low,completed,,,2025-12-27,
230,grammar,,,Politeness Levels in Japanese,,,,Low,completed,,,2025-12-27,
231,verb,,,〜てある - Preparatory State,,,,Low,completed,,,2025-12-27,
232,verb,,,〜ているところ - In the middle of,,,,Low,completed,,,2025-12-27,
233,grammar,,,〜ていた - Past Progressive,,,,Low,completed,,,2025-12-27,
234,comparison,,,動作動詞 vs 狀態動詞,,,,Low,completed,,,2025-12-27,
235,grammar,,,瞬間動詞,,,,Low,completed,,,2025-12-27,
236,grammar,,,經濟活動,,,,Low,completed,,,2025-12-27,
237,grammar,,,利益,,,,Low,completed,,,2025-12-27,
238,noun,,,營利活動,,,,Low,completed,,,2025-12-27,
239,noun,,,非營利,,,,Low,completed,,,2025-12-27,
240,grammar,,,公共事業,,,,Low,completed,,,2025-12-27,
241,grammar,,,金融市場,,,,Low,completed,,,2025-12-27,
242,noun,,,資金調達,,,,Low,completed,,,2025-12-27,
243,noun,,,給付,,,,Low,completed,,,2025-12-27,
244,grammar,,,固定資本,,,,Low,completed,,,2025-12-27,
245,grammar,,,設備投資,,,,Low,completed,,,2025-12-27,
246,grammar,,,消費者,,,,Low,completed,,,2025-12-27,
247,grammar,,,市場,,,,Low,completed,,,2025-12-27,
248,grammar,,,分配,,,,Low,completed,,,2025-12-27,
249,noun,,,割当,,,,Low,completed,,,2025-12-27,
250,grammar,,,為替,,,,Low,completed,,,2025-12-27,
251,grammar,,,円高,,,,Low,completed,,,2025-12-27,
252,grammar,,,円安,,,,Low,completed,,,2025-12-27,
253,noun,,,輸出,,,,Low,completed,,,2025-12-27,
254,grammar,,,中央銀行,,,,Low,completed,,,2025-12-27,
255,grammar,,,税額控除,,,,Low,completed,,,2025-12-27,
256,grammar,,,住宅ローン,,,,Low,completed,,,2025-12-27,
257,noun,,,經營管理,,,,Low,completed,,,2025-12-27,
258,noun,,,決策制定,,,,Low,completed,,,2025-12-27,
259,noun,,,財務資訊,,,,Low,completed,,,2025-12-27,
260,noun,,,帳簿,,,,Low,completed,,,2025-12-27,
261,noun,,,稅務申報,,,,Low,completed,,,2025-12-27,
262,grammar,,,財務報表,,,,Low,completed,,,2025-12-27,
263,grammar,,,支付,,,,Low,completed,,,2025-12-27,
264,grammar,,,精算,,,,Low,completed,,,2025-12-27,
265,grammar,,,透明性,,,,Low,completed,,,2025-12-27,
266,grammar,,,信用,,,,Low,completed,,,2025-12-27,
267,noun,,,知識,,,,Low,completed,,,2025-12-27,
268,noun,,,經營者,,,,Low,completed,,,2025-12-27,
269,noun,,,財務人員,,,,Low,completed,,,2025-12-27,
270,noun,,,投資者,,,,Low,completed,,,2025-12-27,
271,noun,,,債權人,,,,Low,completed,,,2025-12-27,
272,grammar,,,所得控除,,,,Low,completed,,,2025-12-27,
273,noun,,,控除,,,,Low,completed,,,2025-12-27,
274,concept,,,renyoukei.md,,,,Low,completed,,,2025-12-27,
275,concept,,,meishi.md,,,,Low,completed,,,2025-12-27,
276,concept,,,setsumei-bun.md,,,,Low,completed,,,2025-12-27,
277,concept,,,productivity.md,,,,Low,completed,,,2025-12-27,
278,concept,,,mokutekigo.md,,,,Low,completed,,,2025-12-27,
279,concept,,,gakushuusha.md,,,,Low,completed,,,2025-12-27,
280,concept,,,nominal_suffix.md,,,,Low,completed,,,2025-12-27,
281,concept,,,masu-form.md,,,,Low,completed,,,2025-12-27,
282,grammar,,,になる,,,,Low,completed,,,2025-12-27,
283,grammar,,,いただけ,,,,Low,completed,,,2025-12-27,
284,grammar,,,お/ご～いただく,,,,Low,completed,,,2025-12-27,
285,grammar,,,くださる・いただく,,,,Low,completed,,,2025-12-27,
286,grammar,,,ご~なさる,,,,Low,completed,,,2025-12-27,
287,grammar,,,お~いたす,,,,Low,completed,,,2025-12-27,
288,grammar,,,お/ご~なさる,,,,Low,completed,,,2025-12-27,
289,grammar,,,お/ご~になる,,,,Low,completed,,,2025-12-27,
290,grammar,,,お/ご~いたす,,,,Low,completed,,,2025-12-27,
291,verb,,,お/ご~する,,,,Low,completed,,,2025-12-27,
292,verb-u,,,走る,,,,Low,completed,,,2025-12-27,
293,verb-u,,,行く,,,,Low,completed,,,2025-12-27,
294,grammar,,,駅,,,,Low,completed,,,2025-12-27,
295,grammar,,,空港,,,,Low,completed,,,2025-12-27,
296,grammar,,,売る,,,,Low,completed,,,2025-12-27,
297,grammar,,,聞こえる,,,,Low,completed,,,2025-12-27,
298,grammar,,,尋ねる,,,,Low,completed,,,2025-12-27,
299,grammar,,,引用文法,,,,Low,completed,,,2025-12-27,
300,concept,,,謙讓語概念,,,,Low,completed,,,2025-12-27,
301,concept,,,丁寧語概念,,,,Low,completed,,,2025-12-27,
302,grammar,,,尊敬助動詞れる・られる,,,,Low,completed,,,2025-12-27,
303,grammar,,,ご〜になる,,,,Low,completed,,,2025-12-27,
304,grammar,,,いらっしゃる,,,,Low,completed,,,2025-12-27,
305,grammar,,,おっしゃる,,,,Low,completed,,,2025-12-27,
306,grammar,,,召し上がる,,,,Low,completed,,,2025-12-27,
307,grammar,,,なさる,,,,Low,completed,,,2025-12-27,
308,grammar,,,ご覧になる,,,,Low,completed,,,2025-12-27,
309,grammar,,,社會階層,,,,Low,completed,,,2025-12-27,
310,grammar,,,敬語常見錯誤,,,,Low,completed,,,2025-12-27,
311,grammar,,,內與外,,,,Low,completed,,,2025-12-27,
312,concept,,,視點理論,,,,Low,completed,,,2025-12-27,
313,grammar,,,召し上がる・いただく,,,,Low,completed,,,2025-12-27,
314,grammar,,,おっしゃる・申す,,,,Low,completed,,,2025-12-27,
315,grammar,,,いらっしゃる・参る,,,,Low,completed,,,2025-12-27,
316,verb,,,お〜する,,,,Low,completed,,,2025-12-27,
317,grammar,,,社會語言學,,,,Low,completed,,,2025-12-27,
318,grammar,,,語用學,,,,Low,completed,,,2025-12-27,
319,concept,,,高語境文化,,,,Low,completed,,,2025-12-27,
320,grammar,,,気配り,,,,Low,completed,,,2025-12-27,
321,grammar,,,終助詞「ね」,,,,Low,completed,,,2025-12-27,
322,grammar,,,終助詞「よね」,,,,Low,completed,,,2025-12-27,
323,grammar,,,商務郵件,,,,Low,completed,,,2025-12-27,
324,grammar,,,報連相,,,,Low,completed,,,2025-12-27,
325,grammar,,,疑問形式,,,,Low,completed,,,2025-12-27,
326,grammar,,,～でしょうか,,,,Low,completed,,,2025-12-27,
327,grammar,,,pragmatics,,,,Low,completed,,,2025-12-27,
328,grammar,,,communication_strategy,,,,Low,completed,,,2025-12-27,
329,grammar,,,interpersonal_relationship,,,,Low,completed,,,2025-12-27,
330,grammar,,,formality_level,,,,Low,completed,,,2025-12-27,
331,concept,,,group_harmony,,,,Low,completed,,,2025-12-27,
332,grammar,,,explicit_agreement,,,,Low,completed,,,2025-12-27,
333,grammar,,,implicit_communication,,,,Low,completed,,,2025-12-27,
334,grammar,,,ishin_denshin,,,,Low,completed,,,2025-12-27,
335,grammar,,,kuuki_wo_yomu,,,,Low,completed,,,2025-12-27,
336,grammar,,,aizuchi,,,,Low,completed,,,2025-12-27,
337,concept,,,business_communication,,,,Low,completed,,,2025-12-27,
338,grammar,,,keigo_overview,,,,Low,completed,,,2025-12-27,
339,grammar,,,hierarchy,,,,Low,completed,,,2025-12-27,
340,grammar,,,respect,,,,Low,completed,,,2025-12-27,
341,grammar,,,casual_conversation,,,,Low,completed,,,2025-12-27,
342,grammar,,,004_pragmatics,,,,Low,completed,,,2025-12-27,
343,grammar,,,003_psychological_distance,,,,Low,completed,,,2025-12-27,
344,grammar,,,001_uchi_soto,,,,Low,completed,,,2025-12-27,
345,concept,,,subject_prominent_language.md,,,,Low,completed,,,2025-12-27,
346,comparison,,,〜ている vs 〜てある,,,,Low,completed,,,2025-12-27,
347,verb,,,〜てくる・〜ていく,,,,Low,completed,,,2025-12-27,
348,comparison,,,行く vs 来る 詳細比較,,,,Low,completed,,,2025-12-27,
349,comparison,,,来る vs 帰る 用法差異,,,,Low,completed,,,2025-12-27,
350,grammar,,,關西方言特徵,,,,Low,completed,,,2025-12-27,
351,grammar,,,謙讓語系統,,,,Low,completed,,,2025-12-27,
352,comparison,,,進行形 vs 狀態形的區別,,,,Low,completed,,,2025-12-27,
353,verb,,,ある - to be/exist (inanimate),,,,Low,completed,,,2025-12-27,
354,grammar,,,持つ - to hold/have,,,,Low,completed,,,2025-12-27,
355,comparison,,,いる vs ある 詳細比較,,,,Low,completed,,,2025-12-27,
356,verb,,,〜ている 的多重意義,,,,Low,completed,,,2025-12-27,
357,grammar,,,いらっしゃる・おる - いる的敬語,,,,Low,completed,,,2025-12-27,
358,grammar,,,連用形,,,,Low,completed,,,2025-12-27,
359,grammar,,,副詞的位置,,,,Low,completed,,,2025-12-27,
360,grammar,,,良い／いい,,,,Low,completed,,,2025-12-27,
361,grammar,,,悪い,,,,Low,completed,,,2025-12-27,
362,grammar,,,degree-adverbs,,,,Low,completed,,,2025-12-27,
363,grammar,,,negation-forms,,,,Low,completed,,,2025-12-27,
364,grammar,,,daily-conversation,,,,Low,completed,,,2025-12-27,
365,grammar,,,modest-expression,,,,Low,completed,,,2025-12-27,
366,grammar,,,nuance,,,,Low,completed,,,2025-12-27,
367,grammar,,,nai-form,,,,Low,completed,,,2025-12-27,
368,grammar,,,引用表現,,,,Low,completed,,,2025-12-27,
369,grammar,,,並列助詞,,,,Low,completed,,,2025-12-27,
370,grammar,,,日常會話,,,,Low,completed,,,2025-12-27,
371,particle,,,へ,,,,Low,completed,,,2025-12-27,
372,verb,,,いる動詞,,,,Low,completed,,,2025-12-27,
373,verb,,,ある動詞,,,,Low,completed,,,2025-12-27,
374,comparison,,,に vs へ 方向用法比較,,,,Low,completed,,,2025-12-27,
375,comparison,,,に vs から 起終點比較,,,,Low,completed,,,2025-12-27,
376,grammar,,,動詞連用形+に+行く/来る,,,,Low,completed,,,2025-12-27,
377,grammar,,,～になる,,,,Low,completed,,,2025-12-27,
378,grammar,,,時間+に,,,,Low,completed,,,2025-12-27,
379,grammar,,,格助詞系統,,,,Low,completed,,,2025-12-27,
380,grammar,,,他動詞與自動詞,,,,Low,completed,,,2025-12-27,
381,grammar,,,文法術語,,,,Low,completed,,,2025-12-27,
382,grammar,,,移動動詞,,,,Low,completed,,,2025-12-27,
383,grammar,,,日語音韻史,,,,Low,completed,,,2025-12-27,
384,grammar,,,日語基本句型,,,,Low,completed,,,2025-12-27,
385,comparison,,,を vs で：場所表達的區別,,,,Low,completed,,,2025-12-27,
386,comparison,,,を vs に：移動表達的區別,,,,Low,completed,,,2025-12-27,
387,grammar,,,時間の長さと継続,,,,Low,completed,,,2025-12-27,
388,grammar,,,期限表現,,,,Low,completed,,,2025-12-27,
389,grammar,,,までと動詞の組み合わせ,,,,Low,completed,,,2025-12-27,
390,grammar,,,までに と動詞の組み合わせ,,,,Low,completed,,,2025-12-27,
391,comparison,,,時点 vs 時間の長さ,,,,Low,completed,,,2025-12-27,
392,comparison,,,継続動作 vs 完了動作,,,,Low,completed,,,2025-12-27,
393,grammar,,,主題評述結構,,,,Low,completed,,,2025-12-27,
394,concept,,,資訊結構理論,,,,Low,completed,,,2025-12-27,
395,grammar,,,對比與焦點,,,,Low,completed,,,2025-12-27,
396,comparison,,,と vs に 對象用法比較,,,,Low,completed,,,2025-12-27,
397,concept,181,concept/181_金融政策.md,金融政策,（待填寫）,n3,gap-20251227,Critical,completed,出現 9 次,2025-12-27,2025-12-28,
398,concept,182,concept/182_税金.md,税金,（待填寫）,n3,gap-20251227,Critical,completed,出現 7 次,2025-12-27,2025-12-27,
399,concept,183,concept/183_経済指標.md,経済指標,（待填寫）,n3,gap-20251227,High,completed,出現 4 次,2025-12-27,2025-12-27,
400,concept,184,concept/184_財政政策.md,財政政策,（待填寫）,n3,gap-20251227,High,completed,出現 4 次,2025-12-27,2025-12-27,
401,concept,185,concept/185_経常収支.md,経常収支,（待填寫）,n3,gap-20251227,High,completed,出現 4 次,2025-12-27,2025-12-27,
402,concept,123,concept/123_GDP.md,GDP,（待填寫）,n3,gap-20251227,High,completed,出現 4 次,2025-12-27,2025-12-27,
403,concept,186,concept/186_所得税.md,所得税,（待填寫）,n3,gap-20251227,High,completed,出現 4 次,2025-12-27,2025-12-27,
404,concept,187,concept/187_アスペクト.md,アスペクト,（待填寫）,n3,gap-20251227,High,completed,出現 3 次,2025-12-27,2025-12-27,
405,grammar,318,grammar/318_終助詞.md,終助詞,（待填寫）,n3,gap-20251227,High,completed,出現 3 次,2025-12-27,2025-12-27,
406,concept,188,concept/188_景気動向.md,景気動向,（待填寫）,n3,gap-20251227,High,completed,出現 3 次,2025-12-27,2025-12-27,
407,concept,189,concept/189_市場経済.md,市場経済,（待填寫）,n3,gap-20251227,High,completed,出現 3 次,2025-12-27,2025-12-27,
408,concept,190,concept/190_債券.md,債券,（待填寫）,n3,gap-20251227,High,completed,出現 3 次,2025-12-27,2025-12-27,
409,concept,191,concept/191_自由貿易協定.md,自由貿易協定,（待填寫）,n3,gap-20251227,High,completed,出現 3 次,2025-12-27,2025-12-27,
410,grammar,290,grammar/290_接続詞の種類.md,接続詞の種類,（待填寫）,n3,gap-20251227,Medium,completed,出現 2 次,2025-12-27,2025-12-27,
411,concept,123,concept/123_尊敬語概念.md,尊敬語概念,（待填寫）,n3,gap-20251227,Medium,completed,出現 2 次,2025-12-27,2025-12-27,
412,grammar,290,grammar/290_状態動詞.md,状態動詞,（待填寫）,n3,gap-20251227,Medium,completed,出現 2 次,2025-12-27,2025-12-27,
413,concept,123,concept/123_ウチとソト.md,ウチとソト,（待填寫）,n3,gap-20251227,Medium,completed,出現 2 次,2025-12-27,2025-12-27,
414,concept,123,concept/123_焦點（Focus）.md,焦點（Focus）,（待填寫）,n3,gap-20251227,Medium,completed,出現 2 次,2025-12-27,2025-12-27,
415,concept,123,concept/123_對比焦點.md,對比焦點,（待填寫）,n3,gap-20251227,Medium,completed,出現 2 次,2025-12-27,2025-12-27,
416,concept,123,concept/123_(待建立標記)_重音與資訊結構.md,(待建立標記) 重音與資訊結構,（待填寫）,n3,gap-20251227,Medium,completed,出現 2 次,2025-12-27,2025-12-28,
417,concept,123,concept/123_sonkeigo_concept.md.md,sonkeigo_concept.md,（待填寫）,n3,gap-20251227,Medium,completed,出現 2 次,2025-12-27,2025-12-28,
418,concept,123,concept/123_kenjougo_concept.md.md,kenjougo_concept.md,（待填寫）,n3,gap-20251227,Medium,completed,出現 2 次,2025-12-27,2025-12-28,
419,noun,276,noun/276_謙讓語.md,謙讓語,（待填寫）,n3,gap-20251227,Medium,completed,出現 2 次,2025-12-27,2025-12-27,
420,grammar,290,grammar/290_形態論.md,形態論,（待填寫）,n3,gap-20251227,Medium,completed,出現 2 次,2025-12-27,2025-12-27,
421,concept,123,concept/123_意味論.md,意味論,（待填寫）,n3,gap-20251227,Medium,completed,出現 2 次,2025-12-27,2025-12-27,
422,grammar,290,grammar/290_助詞系統.md,助詞系統,（待填寫）,n3,gap-20251227,Medium,completed,出現 2 次,2025-12-27,2025-12-27,
423,concept,123,concept/123_けど.md,けど,（待填寫）,n3,gap-20251227,Medium,completed,出現 2 次,2025-12-27,2025-12-27,
424,concept,123,concept/123_だが.md,だが,（待填寫）,n3,gap-20251227,Medium,completed,出現 2 次,2025-12-27,2025-12-27,
425,noun,276,noun/276_敬語の使い分け.md,敬語の使い分け,（待填寫）,n3,gap-20251227,Medium,completed,出現 2 次,2025-12-27,2025-12-27,
426,concept,123,concept/123_ている.md,ている,（待填寫）,n3,gap-20251227,Medium,completed,出現 2 次,2025-12-27,2025-12-27,
427,concept,123,concept/123_てもいい.md,てもいい,（待填寫）,n3,gap-20251227,Medium,completed,出現 2 次,2025-12-27,2025-12-27,
428,concept,123,concept/123_なくてはいけない.md,なくてはいけない,（待填寫）,n3,gap-20251227,Medium,completed,出現 2 次,2025-12-27,2025-12-27,
429,grammar,290,grammar/290_時間副詞的用法.md,時間副詞的用法,（待填寫）,n3,gap-20251227,Medium,completed,出現 2 次,2025-12-27,2025-12-27,
430,grammar,290,grammar/290_補助動詞しまう的用法.md,補助動詞しまう的用法,（待填寫）,n3,gap-20251227,Medium,completed,出現 2 次,2025-12-27,2025-12-27,
431,concept,123,concept/123_商務敬語的階梯理論.md,商務敬語的階梯理論,（待填寫）,n3,gap-20251227,Medium,completed,出現 2 次,2025-12-27,2025-12-27,
432,concept,123,concept/123_預金通帳.md,預金通帳,（待填寫）,n3,gap-20251227,Medium,completed,出現 2 次,2025-12-27,2025-12-27,
433,concept,123,concept/123_振込.md,振込,（待填寫）,n3,gap-20251227,Medium,completed,出現 2 次,2025-12-27,2025-12-27,
434,concept,123,concept/123_資産運用.md,資産運用,（待填寫）,n3,gap-20251227,Medium,completed,出現 2 次,2025-12-27,2025-12-27,
435,concept,123,concept/123_不動産.md,不動産,（待填寫）,n3,gap-20251227,Medium,completed,出現 2 次,2025-12-27,2025-12-27,
436,concept,123,concept/123_物価（物價）.md,物价（物價）,（待填寫）,n3,gap-20251227,Medium,completed,出現 2 次,2025-12-27,2025-12-27,
437,concept,123,concept/123_実質成長率.md,実質成長率,（待填寫）,n3,gap-20251227,Medium,completed,出現 2 次,2025-12-27,2025-12-27,
438,concept,123,concept/123_名目成長率.md,名目成長率,（待填寫）,n3,gap-20251227,Medium,completed,出現 2 次,2025-12-27,2025-12-27,
439,concept,123,concept/206_toushika.md,投資家,（待填寫）,n3,gap-20251227,Medium,extension-review,出現 2 次,2025-12-27,2025-12-27,
440,concept,123,concept/123_金融機関.md,金融機関,（待填寫）,n3,gap-20251227,Medium,completed,出現 2 次,2025-12-27,2025-12-27,
441,concept,123,concept/123_収入.md,収入,（待填寫）,n3,gap-20251227,Medium,completed,出現 2 次,2025-12-27,2025-12-27,
442,concept,123,concept/123_支出.md,支出,（待填寫）,n3,gap-20251227,Medium,completed,出現 2 次,2025-12-27,2025-12-27,
443,concept,123,concept/123_経費.md,経費,（待填寫）,n3,gap-20251227,Medium,completed,出現 2 次,2025-12-27,2025-12-27,
444,concept,123,concept/123_輸出入.md,輸出入,（待填寫）,n3,gap-20251227,Medium,completed,出現 2 次,2025-12-27,2025-12-27,
445,concept,123,concept/123_外貨準備.md,外貨準備,（待填寫）,n3,gap-20251227,Medium,completed,出現 2 次,2025-12-27,2025-12-27,
446,concept,123,concept/123_比較優位.md,比較優位,（待填寫）,n3,gap-20251227,Medium,completed,出現 2 次,2025-12-27,2025-12-27,
447,concept,123,concept/123_マネタリーベース.md,マネタリーベース,（待填寫）,n3,gap-20251227,Medium,completed,出現 2 次,2025-12-27,2025-12-27,
448,concept,123,concept/123_国際法.md,国際法,（待填寫）,n3,gap-20251227,Medium,completed,出現 2 次,2025-12-27,2025-12-27,
449,concept,123,concept/123_技術移転.md,技術移転,（待填寫）,n3,gap-20251227,Medium,completed,出現 2 次,2025-12-27,2025-12-27,
450,concept,123,concept/123_政策提言.md,政策提言,（待填寫）,n3,gap-20251227,Medium,completed,出現 2 次,2025-12-27,2025-12-27,
451,concept,123,concept/123_政策.md,政策,（待填寫）,n3,gap-20251227,Medium,completed,出現 2 次,2025-12-27,2025-12-27,
452,concept,123,concept/123_需要と供給.md,需要と供給,（待填寫）,n3,gap-20251227,Medium,completed,出現 2 次,2025-12-27,2025-12-27,
453,concept,123,concept/123_電子マネー.md,電子マネー,（待填寫）,n3,gap-20251227,Medium,completed,出現 2 次,2025-12-27,2025-12-27,
454,concept,123,concept/123_融資.md,融資,（待填寫）,n3,gap-20251227,Medium,completed,出現 2 次,2025-12-27,2025-12-27,
455,concept,123,concept/123_為替レート.md,為替レート,（待填寫）,n3,gap-20251227,Medium,completed,出現 2 次,2025-12-27,2025-12-27,
456,concept,123,concept/123_量的緩和.md,量的緩和,（待填寫）,n3,gap-20251227,Medium,completed,出現 2 次,2025-12-27,2025-12-27,
457,concept,123,concept/123_純資産.md,純資産,（待填寫）,n3,gap-20251227,Medium,completed,出現 2 次,2025-12-27,2025-12-27,
458,concept,123,concept/123_株式.md,株式,（待填寫）,n3,gap-20251227,Medium,completed,出現 2 次,2025-12-27,2025-12-27,
459,concept,123,concept/123_所得.md,所得,（待填寫）,n3,gap-20251227,Medium,completed,出現 2 次,2025-12-27,2025-12-27,
460,concept,123,concept/123_財政.md,財政,（待填寫）,n3,gap-20251227,Medium,completed,出現 2 次,2025-12-27,2025-12-27,
461,grammar,290,grammar/290_補助動詞.md,補助動詞,（待填寫）,n3,gap-20251227,Medium,completed,出現 2 次,2025-12-27,2025-12-27,
462,concept,123,concept/123_短い.md,短い,（待填寫）,n3,gap-20251227,Low,completed,出現 1 次,2025-12-27,2025-12-28,
463,adj-i,002,adj-i/002_小さい.md,小さい,小的、細小的,n5,gap-20251227,Low,completed,出現 1 次,2025-12-27,2025-12-28,
464,concept,276,concept/276_yasui_suffix.md,〜やすい（易い）,表示容易做某事的接尾辭,n4,gap-20251227,Low,completed,與安い易混淆,2025-12-27,2025-12-28,
465,concept,123,concept/123_いい.md,いい,（待填寫）,n3,gap-20251227,Low,completed,出現 1 次,2025-12-27,2025-12-28,
466,concept,232,zettelkasten/concept/232_akka.md,悪化（あっか）,惡化、變壞,n3,v1.5.7-manual,High,extension-review,階段1已完成，進行extension review,2025-12-28,2025-12-28,
467,concept,123,concept/123_悪魔（あくま）.md,悪魔（あくま）,（待填寫）,n3,gap-20251227,Low,completed,出現 1 次,2025-12-27,2025-12-28,
468,concept,123,concept/123_悪質（あくしつ）.md,悪質（あくしつ）,（待填寫）,n3,gap-20251227,Low,completed,出現 1 次,2025-12-27,2025-12-28,
469,grammar,290,grammar/290_大変的多義用法.md,大変的多義用法,（待填寫）,n3,gap-20251227,Low,completed,出現 1 次,2025-12-27,2025-12-27,
470,grammar,290,grammar/290_副詞的否定用法.md,副詞的否定用法,（待填寫）,n3,gap-20251227,Low,completed,出現 1 次,2025-12-27,2025-12-27,
471,concept,123,concept/123_正式道歉表達.md,正式道歉表達,（待填寫）,n3,gap-20251227,Low,completed,出現 1 次,2025-12-27,2025-12-28,
472,grammar,290,grammar/290_逆接接続詞.md,逆接接続詞,（待填寫）,n3,gap-20251227,Low,completed,出現 1 次,2025-12-27,2025-12-27,
473,noun,276,noun/276_文語と口語.md,文語と口語,（待填寫）,n3,gap-20251227,Low,completed,出現 1 次,2025-12-27,2025-12-28,
474,grammar,290,grammar/290_i_keiyoushi_souran.md,イ形容詞總覽,イ形容詞總覽,n5,gap-20251227,Low,completed,出現 1 次,2025-12-27,2025-12-28,
475,grammar,290,grammar/290_rentaishi_youhou.md,連体詞の用法,連體詞の具體的用法と使用規則,n3,gap-20251227,Low,completed,出現 1 次,2025-12-27,2025-12-28,
476,grammar,290,grammar/290_形容詞的活用.md,形容詞の活用,（待填寫）,n3,gap-20251227,Low,completed,出現 1 次,2025-12-27,2025-12-28,
477,grammar,290,grammar/290_動詞する.md,動詞する,（待填寫）,n3,gap-20251227,Low,completed,出現 1 次,2025-12-27,2025-12-28,
478,grammar,290,grammar/290_學習相關動詞.md,學習相關動詞,（待填寫）,n3,gap-20251227,Low,completed,出現 1 次,2025-12-27,2025-12-28,
479,concept,123,concept/123_greeting_001.md,greeting_001,（待填寫）,n3,gap-20251227,Low,completed,出現 1 次,2025-12-27,2025-12-28,
480,concept,123,concept/123_greeting_002.md,greeting_002,（待填寫）,n3,gap-20251227,Low,completed,出現 1 次,2025-12-27,2025-12-28,
481,concept,123,concept/123_もしくは.md,もしくは,（待填寫）,n3,gap-20251227,Low,completed,出現 1 次,2025-12-27,2025-12-28,
482,concept,123,concept/123_それとも.md,それとも,（待填寫）,n3,gap-20251227,Low,completed,出現 1 次,2025-12-27,2025-12-28,
483,noun,276,noun/276_法律文書の日本語.md,法律文書の日本語,（待填寫）,n3,gap-20251227,Low,completed,出現 1 次,2025-12-27,2025-12-28,
484,concept,123,concept/123_擬態語系統.md,擬態語系統,（待填寫）,n3,gap-20251227,Low,completed,出現 1 次,2025-12-27,2025-12-28,
485,noun,311,noun/311_品詞の分類.md,品詞の分類,品詞分類,n3,manual,High,completed,,2025-12-28,2025-12-28,
486,noun,311,noun/311_修飾語と被修飾語.md,修飾語と被修飾語,修飾語與被修飾語,n3,manual,Low,completed,文法概念卡片,2025-12-28,2025-12-28,
487,noun,310,noun/310_商務日語.md,商務日語,商業場合使用的日語,n3,manual,High,completed,,2025-12-28,2025-12-28,
488,concept,239,concept/239_だ.md,だ,日文判定助動詞,n5,manual,Medium,completed,existing card 239_da.md,2025-12-28,2025-12-28,
489,grammar,290,grammar/290_自然表現.md,自然表現,自然表達方式,n3,v1.5.7,Medium,completed,四階段流程處理,2025-12-28,2025-12-28,
490,noun,310,noun/310_電話用語.md,電話用語,電話相關用語,n3,manual,High,completed,,2025-12-28,2025-12-28,
491,concept,239,concept/239_です.md,です,日文丁寧語の基本判斷助動詞,n5,v1.5.6-manual,High,completed,階段1已完成，需繼續後續階段,2025-12-28,2025-12-28,
497,grammar,345,grammar/345_dousa_doushi.md,動作動詞,動作動詞：表示具體動作行為的動詞類型,n3,gap-20251227,Low,completed,出現 1 次,2025-12-27,2025-12-28,
498,grammar,333,grammar/333_助詞の体系.md,助詞の体系,日語助詞の完全分類體系,n3,manual-addition,High,completed,現有卡片，需要完成四階段流程,2025-12-28,2025-12-28,
499,noun,276,noun/276_母語干渉.md,母語干渉,母語干擾,n3,manual,High,completed,card already exists,2025-12-28,2025-12-28,
500,noun,323,noun/323_指示語.md,指示語,指示語（Deixis）,n2,manual,Critical,completed,,2025-12-28,2025-12-28,
501,concept,253,concept/253_バブル経済.md,バブル経済,泡沫經濟,concept,manual,High,extension-review,,2025-12-28,2025-12-28,
502,concept,249,zettelkasten/concept/249_te_itadakemasu_ka.md,〜ていただけますか,禮貌請求表達，用於向他人請求幫助或行動,n3,v1.5.6-manual,High,extension-review,階段1已完成，進行extension review,2025-12-28,2025-12-28,
503,concept,251,concept/251_納税者.md,納税者,納稅人,n3,manual,High,extension-review,,2025-12-29,2025-12-29,
